{
  "hash": "3cddc33d",
  "configHash": "65c7d0c4",
  "lockfileHash": "cbff447d",
  "browserHash": "0470caf5",
  "optimized": {
    "@angular/core": {
      "src": "../../../../../../node_modules/@angular/core/fesm2022/core.mjs",
      "file": "@angular_core.js",
      "fileHash": "6387dbb0",
      "needsInterop": false
    },
    "@angular/platform-browser": {
      "src": "../../../../../../node_modules/@angular/platform-browser/fesm2022/platform-browser.mjs",
      "file": "@angular_platform-browser.js",
      "fileHash": "0f11cc8c",
      "needsInterop": false
    },
    "@angular/router": {
      "src": "../../../../../../node_modules/@angular/router/fesm2022/router.mjs",
      "file": "@angular_router.js",
      "fileHash": "e5f32a93",
      "needsInterop": false
    },
    "@angular/common": {
      "src": "../../../../../../node_modules/@angular/common/fesm2022/common.mjs",
      "file": "@angular_common.js",
      "fileHash": "43c3ae3b",
      "needsInterop": false
    }
  },
  "chunks": {
    "chunk-2L73ZUI6": {
      "file": "chunk-2L73ZUI6.js"
    },
    "chunk-LNGJQ4BE": {
      "file": "chunk-LNGJQ4BE.js"
    },
    "chunk-NTS2FYPI": {
      "file": "chunk-NTS2FYPI.js"
    }
  }
}